{"cameraMode":{"drawMode":0,"name":"Shaded","section":"Shading Mode"},"sceneLighting":true,"audioPlay":false,"sceneViewState":{"showFog":true,"showMaterialUpdate":true,"showSkybox":true,"showFlares":true,"showImageEffects":true,"showParticleSystems":true},"in2DMode":false,"pivot":{"x":6.948514938354492,"y":-2.0481319427490236,"z":15.118173599243164},"rotation":{"x":-0.14308258891105653,"y":-0.29162439703941347,"z":0.04416682571172714,"w":-0.9447391033172607},"size":49.426239013671878,"orthographic":false}